filename,width,height,class,xmin,ymin,xmax,ymax
001cfa87e56b76a1.jpg,1024,720,Placa,277,355,355,361
007a517cacd7f053.jpg,1024,768,Placa,945,438,438,990
0125fb0d572611a3.jpg,1024,768,Placa,375,459,459,651
01757b2808aa9954.jpg,1024,678,Placa,901,529,529,965
01e1b1405489ff61.jpg,1024,683,Placa,407,268,268,556
01f8ae9fafd9942d.jpg,1024,768,Placa,291,703,703,522
02a4ba545c91c8a0.jpg,758,1024,Placa,575,532,532,614
02ebbbe4b401859f.jpg,1024,683,Placa,824,410,410,837
035e98110f55b4a5.jpg,1024,768,Placa,911,142,142,968
03625c9b6b49d192.jpg,686,1024,Placa,626,511,511,641
0393b4c75b8b1d2b.jpg,751,1024,Placa,458,275,275,658
03c3d44fe77b6015.jpg,1024,768,Placa,422,234,234,554
03c3dfc7e998b856.jpg,1024,768,Placa,962,246,246,1011
03cbbda01c6410c8.jpg,768,1024,Placa,156,583,583,361
03f1a449c6a3b683.jpg,1024,768,Placa,118,485,485,236
040d22e91306e905.jpg,1024,768,Placa,413,572,572,711
0413ea159a3a5c5e.jpg,1024,642,Placa,765,293,293,905
043304e924cb0bc4.jpg,1024,768,Placa,859,434,434,942
04916a30e99034bb.jpg,1024,637,Placa,761,478,478,865
04fa5516eabf38d7.jpg,1024,682,Placa,411,432,432,641
050b7c4534e9b37f.jpg,6016,4000,Placa,5517,1382,1382,5695
05ecb7ae3dd851cc.jpg,1024,683,Placa,826,528,528,955
072a8545e84e26ad.jpg,874,1024,Placa,374,662,662,577
076b43c24097c583.jpg,1024,866,Placa,204,602,602,419
076ecfc48304bd9a.jpg,1024,768,Placa,54,387,387,157
078a2dcd187924b1.jpg,1024,768,Placa,903,207,207,917
07d16cbfbf5a2c46.jpg,1024,765,Placa,300,187,187,309
08080135b824bd85.jpg,767,1024,Placa,717,790,790,742
0937ef8bb2b601ee.jpg,1024,735,Placa,388,271,271,584
0957f84aecdf874d.jpg,1024,768,Placa,78,381,381,113
095a1537fe049a51.jpg,1024,768,Placa,946,482,482,1007
09a678dea47de774.jpg,1024,768,Placa,665,587,587,786
0a9675f1b60f1786.jpg,1024,771,Placa,416,335,335,666
0ab012ddddb2b11a.jpg,1024,682,Placa,861,189,189,887
0ac1ba3381e07b9b.jpg,1024,768,Placa,429,377,377,600
0adebe1718baff25.jpg,1024,681,Placa,942,373,373,971
0bd1ab4f429100ca.jpg,1024,681,Placa,227,527,527,369
0bf35accf04af9f9.jpg,1024,673,Placa,195,390,390,284
0c3b0cc143337eaf.jpg,1024,576,Placa,310,301,301,378
0cd8f1f92170d450.jpg,1024,768,Placa,52,420,420,84
0cdae528456599ed.jpg,1024,533,Placa,800,200,200,819
0d28fb4e2d131b1d.jpg,1024,768,Placa,229,391,391,456
0d6de82d00476771.jpg,1024,683,Placa,410,388,388,651
0d7001fe5ee6ab57.jpg,1024,768,Placa,466,452,452,586
0db95a235d3266ba.jpg,1024,683,Placa,541,240,240,777
0debe68fda27731a.jpg,1024,683,Placa,412,512,512,609
0e86e5b11fdb3eab.jpg,1024,768,Placa,936,262,262,1024
0eab34694419b470.jpg,1024,684,Placa,417,324,324,601
0ecee0dd32848030.jpg,1024,768,Placa,359,630,630,634
0eea4870c161ce9e.jpg,1024,934,Placa,402,572,572,686
0f15b11611a9f495.jpg,1024,715,Placa,693,508,508,834
0f58911c512fd6e0.jpg,1024,698,Placa,850,513,513,884
0f8a98444d3b9379.jpg,1024,768,Placa,372,329,329,550
0f9aa07e5fd7454f.jpg,768,768,Placa,295,379,379,452
0fe3b6e7cbe31a90.jpg,1024,687,Placa,895,247,247,961
100ef2a305f85f76.jpg,1024,768,Placa,173,408,408,252
11906f971e8ac49a.jpg,1024,768,Placa,100,511,511,213
11e139518a4b10d9.jpg,1024,578,Placa,896,365,365,922
122ea3f60b9b4f84.jpg,1024,768,Placa,613,404,404,847
126ccdf649cd0a8b.jpg,1024,683,Placa,855,389,389,915
12871380c3035cfd.jpg,1018,768,Placa,791,465,465,902
13628720bc962136.jpg,1024,680,Placa,994,248,248,1024
13d5bdf54c090680.jpg,1024,768,Placa,422,346,346,566
14af3c0293d3ebb9.jpg,1024,768,Placa,692,126,126,776
14dca26404ae4967.jpg,1024,768,Placa,953,502,502,1012
14e7131592f6e521.jpg,1024,770,Placa,711,392,392,760
15002d09874abd95.jpg,1024,768,Placa,893,322,322,914
152cd13c1cc76f30.jpg,807,1024,Placa,152,297,297,186
1577e2c94c6990c7.jpg,683,1024,Placa,474,369,369,500
15a6fbbb17c67ee3.jpg,1024,683,Placa,53,276,276,134
15f91494a2400c1f.jpg,1024,1024,Placa,622,847,847,850
16c912d7bfb98b66.jpg,1024,682,Placa,263,431,431,283
1748b273998217d3.jpg,1024,628,Placa,826,269,269,893
178910e402ae8caf.jpg,1024,768,Placa,393,376,376,597
17b9eb3b18a86ac4.jpg,1024,680,Placa,410,295,295,594
17cceae78dbeff46.jpg,1024,768,Placa,366,271,271,621
182c66d744f0f930.jpg,1024,683,Placa,378,447,447,667
1833157839d993f4.jpg,1024,760,Placa,187,605,605,312
18b1d7477963cad2.jpg,1024,768,Placa,0,505,505,283
1988e34f969d4b61.jpg,1024,684,Placa,125,417,417,305
19c66ebb43651480.jpg,1024,768,Placa,133,503,503,258
19cb83f68238b004.jpg,1024,761,Placa,596,378,378,715
19de08ab37bf6dae.jpg,1024,740,Placa,970,136,136,1022
1a869f39c61bb131.jpg,1024,683,Placa,322,219,219,679
1afc36bb97170dde.jpg,1024,768,Placa,831,399,399,956
1b311a22d440a195.jpg,1024,768,Placa,426,525,525,770
1b46db55889c588c.jpg,1024,768,Placa,400,566,566,599
1b9046b55107bedc.jpg,1024,1019,Placa,402,723,723,633
1b9ac3bf1377a37c.jpg,1024,483,Placa,778,202,202,891
1bf38d56ef2b80ac.jpg,1024,768,Placa,273,413,413,354
1c07f2fd7d471fcf.jpg,1024,1024,Placa,820,475,475,1024
1c1b41c65cf8d469.jpg,1024,768,Placa,872,272,272,1024
1c8a75de9611dfb2.jpg,1024,684,Placa,997,150,150,1024
1ca066a1376c51eb.jpg,684,1024,Placa,257,702,702,445
1ca8a19a57a0dbb6.jpg,1024,768,Placa,270,349,349,335
1cdccd0244bd847d.jpg,1024,768,Placa,200,325,325,289
1dd1b52b63606fd1.jpg,1024,768,Placa,475,541,541,662
1dde6a0c162b1a50.jpg,1024,768,Placa,858,273,273,869
1de34715d64d7c9e.jpg,1024,768,Placa,866,484,484,887
1e77cd8bee353623.jpg,1024,768,Placa,564,523,523,591
1e85c9b874a607eb.jpg,1024,678,Placa,617,348,348,819
1ed1fae0b668cedf.jpg,1024,846,Placa,251,643,643,354
1f2e61e27366f25a.jpg,1024,768,Placa,467,424,424,561
1f99f99ba1ac1bc5.jpg,1024,680,Placa,668,444,444,737
200cc83349a73f1f.jpg,1024,768,Placa,448,309,309,582
2025d38b7de25f45.jpg,1024,681,Placa,866,230,230,875
204afbec912e51b8.jpg,1024,850,Placa,980,238,238,1024
206e46d7f7618d64.jpg,1024,1024,Placa,381,693,693,616
20b9823ad4eacf2a.jpg,1024,768,Placa,573,301,301,627
20f8465cd2a78305.jpg,1024,576,Placa,147,400,400,261
2111181499c8ba37.jpg,1024,768,Placa,312,727,727,347
2114833d011827a1.jpg,1024,683,Placa,483,348,348,611
21371b829f00c65f.jpg,1024,793,Placa,346,417,417,617
215163598b2005a4.jpg,1024,680,Placa,915,68,68,937
2188390e889587ae.jpg,1024,768,Placa,178,479,479,436
2190dbba242efd0f.jpg,1024,683,Placa,215,283,283,390
219cf488799c5fd0.jpg,1024,768,Placa,337,596,596,670
21f39a1828e9f534.jpg,1024,683,Placa,369,287,287,620
226d284e986f5641.jpg,1024,768,Placa,393,538,538,717
2279455bd3b4666a.jpg,1024,680,Placa,151,295,295,306
228ffe26d6f13ca3.jpg,1024,768,Placa,361,415,415,620
22bb6b0b9bce7f6b.jpg,1024,685,Placa,327,430,430,502
22d0ab143002af35.jpg,1024,768,Placa,792,508,508,922
22deb87614a920e6.jpg,1024,768,Placa,944,401,401,1022
22f60650322f1dfe.jpg,1024,789,Placa,379,369,369,659
22f8ca9c07a5dfaf.jpg,1024,768,Placa,452,545,545,575
23094dc0fb0202ad.jpg,1024,768,Placa,241,486,486,431
234a212f89464a84.jpg,1024,703,Placa,300,386,386,391
23764fb06762d63e.jpg,1024,683,Placa,285,438,438,380
23aa2d41fefe1d6b.jpg,1024,635,Placa,633,230,230,705
240166240fdc8a87.jpg,1024,683,Placa,327,402,402,442
2431efd24f13c1ae.jpg,1024,768,Placa,995,322,322,1024
244b79e1e29e152c.jpg,1024,681,Placa,403,397,397,612
24ab87c6e8eb5f34.jpg,1024,1024,Placa,334,953,953,696
24bccfcf3fc1982d.jpg,1024,892,Placa,419,640,640,564
24c1fc0bf63da815.jpg,1024,768,Placa,901,535,535,981
2514c17dc1857222.jpg,1024,768,Placa,486,572,572,664
2565f4a062b7adb8.jpg,1024,755,Placa,467,497,497,581
258f7cc321f38fd1.jpg,1024,680,Placa,132,360,360,218
25a24a0bb12c594c.jpg,1024,683,Placa,299,475,475,391
265229ecf7ef7c04.jpg,1024,768,Placa,83,472,472,146
26824b17ee478dd9.jpg,1024,1024,Placa,448,470,470,574
26b93b15d7a5daf4.jpg,1024,768,Placa,552,470,470,619
26c4446a0d22a969.jpg,1024,768,Placa,445,348,348,712
26d6c7df2fcd7887.jpg,1024,971,Placa,333,386,386,527
26db472e2dfc57fd.jpg,768,977,Placa,300,552,552,427
279450e0720aaff0.jpg,768,1024,Placa,403,562,562,557
27b9afc8c23a9613.jpg,1024,699,Placa,503,440,440,693
27ce58684dfb54fc.jpg,1024,683,Placa,446,414,414,633
27e99d29adbb2489.jpg,768,1024,Placa,294,492,492,543
27f1c036cde16edb.jpg,1024,683,Placa,661,445,445,791
2815458002b89f5b.jpg,1024,681,Placa,628,637,637,654
2845cf8d499dde6b.jpg,1024,768,Placa,131,487,487,184
28b404db192bc9d9.jpg,1024,683,Placa,728,416,416,860
28bf59412f377981.jpg,1024,768,Placa,502,472,472,691
28c3e616ffdabbba.jpg,1024,768,Placa,795,503,503,874
28c4285201398287.jpg,1024,683,Placa,573,444,444,589
28f30313bd324ee9.jpg,1024,689,Placa,546,577,577,648
2917f80591b39e58.jpg,1024,681,Placa,107,425,425,119
291bd98f6d4a94ba.jpg,1024,683,Placa,286,402,402,367
29bb36a378256c24.jpg,1024,768,Placa,136,512,512,271
2a128893f34521db.jpg,1024,576,Placa,1009,149,149,1024
2a2ec8fae1245ced.jpg,1024,1024,Placa,910,380,380,1024
2a7862c5c20bf762.jpg,1024,768,Placa,856,428,428,945
2aa39413c4495b0c.jpg,1024,682,Placa,417,314,314,577
2aaecc4c09b75f5d.jpg,1024,768,Placa,453,514,514,740
2ab4c6b99428d282.jpg,1024,683,Placa,889,205,205,915
2ac399c5a0624f7f.jpg,614,1024,Placa,408,747,747,507
2acce1e18e5630b8.jpg,1024,1024,Placa,347,686,686,703
2adc8874cb4284e8.jpg,1024,768,Placa,324,571,571,586
2ae8bac1fb3ef7e2.jpg,1024,684,Placa,889,300,300,930
2aeb874070ac901e.jpg,1024,586,Placa,92,392,392,222
2af4c1bc5022c428.jpg,1024,484,Placa,350,245,245,449
2b409aa74e7bc4aa.jpg,1024,768,Placa,843,483,483,898
2b516cbd5a766a83.jpg,1024,768,Placa,432,489,489,580
2c0383b997b4f92c.jpg,791,1024,Placa,274,204,204,539
2c826597a0622678.jpg,1024,1024,Placa,778,346,346,799
2cf4a9a868d53231.jpg,1024,768,Placa,347,643,643,507
2d2b3918691efd8c.jpg,1024,768,Placa,744,552,552,1024
2d9a587e289c7f41.jpg,1024,866,Placa,216,20,20,304
2e3219d598545a96.jpg,1024,782,Placa,229,534,534,352
2e507b1b576467b4.jpg,1024,984,Placa,399,729,729,655
2ef0faceeea5a6f9.jpg,1024,768,Placa,758,592,592,854
2ef30330d04287b9.jpg,1024,770,Placa,432,477,477,530
2f5553228ebcdc37.jpg,1024,768,Placa,199,649,649,419
2fd31c6532c1bc40.jpg,1024,576,Placa,396,241,241,650
302105537ea307e1.jpg,1024,642,Placa,163,505,505,215
30cc909d083fc57b.jpg,1024,1024,Placa,380,471,471,599
310fc8a6ffadaafb.jpg,1024,818,Placa,361,336,336,704
311a465a4486319c.jpg,1024,771,Placa,176,524,524,222
3199eb2b43f351eb.jpg,1024,577,Placa,822,221,221,912
31b323e3c8e7c68e.jpg,1024,768,Placa,356,628,628,468
31de25424e74c9e9.jpg,1024,681,Placa,596,545,545,689
3220a637910ccfa2.jpg,1024,768,Placa,0,392,392,285
32c39d7bd9ae9edf.jpg,1024,477,Placa,118,253,253,141
330ed3a8a100a676.jpg,1024,768,Placa,746,448,448,838
331501edce041613.jpg,1024,768,Placa,362,378,378,468
33881f031110303c.jpg,1024,683,Placa,360,478,478,707
339448c0d2710f56.jpg,1024,768,Placa,287,364,364,625
33f3047edfc30dbf.jpg,1024,768,Placa,114,392,392,195
34999e909748e2f7.jpg,1024,768,Placa,247,316,316,352
34f2956f73dc0653.jpg,1024,766,Placa,850,330,330,881
350d7a0fe55b2508.jpg,1024,683,Placa,883,420,420,944
353fceeab99bff98.jpg,1024,609,Placa,846,127,127,888
358568781fbb0489.jpg,768,1024,Placa,218,921,921,572
35ad7945eb83d60f.jpg,1024,768,Placa,375,304,304,611
35b98e1165d78582.jpg,1024,683,Placa,460,420,420,597
364e60c9e1919802.jpg,1024,734,Placa,580,581,581,805
366897860f58034e.jpg,1024,662,Placa,435,390,390,721
368d6c99470221a6.jpg,1024,693,Placa,311,436,436,714
369ce3d910752808.jpg,1024,805,Placa,218,653,653,514
371e81f8e429eb85.jpg,1024,683,Placa,111,306,306,243
373ade27b0da4629.jpg,1024,768,Placa,72,375,375,143
37570c8d6a5cd5f3.jpg,768,1024,Placa,319,1008,1008,537
376f840f12de50fd.jpg,1024,686,Placa,471,587,587,632
37a945bee51c8c4d.jpg,1024,683,Placa,870,606,606,991
37bc27ea80473ab1.jpg,1024,1024,Placa,257,792,792,537
37e87ec0bbee8a40.jpg,1024,576,Placa,525,334,334,551
386df61eb273220f.jpg,1024,682,Placa,1001,365,365,1024
38e7fa7b7158ffde.jpg,1024,768,Placa,812,187,187,829
391087fb083ab11e.jpg,1024,768,Placa,858,445,445,887
391e8f182e73a8c2.jpg,1024,682,Placa,344,473,473,710
393ec1f81daf8abd.jpg,1024,870,Placa,964,488,488,1013
394bdb31740643cf.jpg,1024,613,Placa,730,371,371,848
39bae3d26d682465.jpg,1024,652,Placa,946,426,426,1024
39cbaab2ac223d94.jpg,1024,683,Placa,545,451,451,780
39fdd58fa6bf8551.jpg,1024,1024,Placa,340,440,440,681
39ff2f892d33ec41.jpg,1024,1024,Placa,985,465,465,1024
3a3797bf9b4ce82c.jpg,768,1024,Placa,122,616,616,294
3a54b5a73b139f63.jpg,1024,520,Placa,855,265,265,952
3a70aae5e3a11a02.jpg,1024,768,Placa,781,496,496,868
3a7ae116a29da652.jpg,1024,768,Placa,965,113,113,988
3a9bcf9c7c0d3566.jpg,1024,563,Placa,283,109,109,302
3acbc5899abfc79f.jpg,1024,768,Placa,121,338,338,271
3aff75be9d5ecce2.jpg,1024,768,Placa,767,189,189,841
3b103cb5f17203ca.jpg,1024,740,Placa,417,370,370,506
3b52726fd1fbd0f6.jpg,1024,576,Placa,654,445,445,765
3b7f5cb96d8a69fd.jpg,1024,654,Placa,229,327,327,359
3bd245e9ac96a77f.jpg,1024,768,Placa,711,427,427,843
3c0894fd59c03700.jpg,1024,685,Placa,484,358,358,623
3c8790b819c1e6d2.jpg,1024,581,Placa,779,271,271,878
3ca970ec48b3b883.jpg,1024,768,Placa,72,491,491,163
3caa425417a0db1e.jpg,1024,923,Placa,603,669,669,727
3cb29f967e5a93b3.jpg,1024,683,Placa,441,474,474,585
3cf3697f58431a47.jpg,1024,641,Placa,265,396,396,436
3cfc238fdf9052ee.jpg,1024,767,Placa,478,412,412,595
3d3cd3139b793c16.jpg,1024,576,Placa,837,392,392,869
3d5faa8191319aaf.jpg,1024,768,Placa,176,318,318,236
3d8df48cdec3ebbd.jpg,1024,715,Placa,960,523,523,1024
3db19b7e69769af5.jpg,1024,681,Placa,425,566,566,597
3dc9d763270c26cc.jpg,1024,678,Placa,223,315,315,291
3dcb35d537d25ac5.jpg,1024,576,Placa,580,117,117,600
3e41e8933c993bd2.jpg,1024,683,Placa,822,406,406,892
3e4ed88797c52b49.jpg,1024,768,Placa,948,108,108,964
3e6161e638c59073.jpg,1024,768,Placa,732,347,347,845
3e64e1a7a2a56caf.jpg,1024,609,Placa,75,263,263,92
3e83b8e2e48e6d70.jpg,1024,768,Placa,756,362,362,815
3f0a616b91cad80a.jpg,1024,768,Placa,145,337,337,259
3f26ce150c548b41.jpg,1024,683,Placa,473,504,504,600
3f40ed7dc9047ba5.jpg,1024,768,Placa,982,356,356,1009
3f58f5a329c8429d.jpg,768,1024,Placa,578,803,803,734
3f7507edcc8c75f8.jpg,1024,576,Placa,277,276,276,319
3f76a42a97f324a9.jpg,1024,675,Placa,667,324,324,828
3f7b7b56d1906bbc.jpg,1024,489,Placa,609,248,248,735
3fab277a98a4d0c7.jpg,1024,768,Placa,892,500,500,995
3fe7795ea62511ea.jpg,1024,768,Placa,137,498,498,194
400d58fda49b703c.jpg,1024,683,Placa,206,518,518,338
404739e946446f4f.jpg,1024,681,Placa,327,503,503,447
40a971c6dbb39174.jpg,1024,666,Placa,377,595,595,755
40e54778f24f3109.jpg,1024,683,Placa,58,346,346,76
419f8a15e8c72891.jpg,1024,576,Placa,798,310,310,882
41a92aa9ae0de444.jpg,1024,731,Placa,693,330,330,807
41f301cd60049938.jpg,1024,576,Placa,687,309,309,856
421ca0ce7f932962.jpg,1024,768,Placa,787,240,240,805
422b9f766e9e2e63.jpg,1024,680,Placa,906,445,445,961
425274b5d39a4d2b.jpg,1024,1018,Placa,125,500,500,294
42556fa9984cfd38.jpg,1024,681,Placa,737,369,369,819
42d862ef330cf0ea.jpg,1024,678,Placa,914,332,332,979
434324b18714711d.jpg,1024,768,Placa,595,396,396,785
43b68e7ed30fdaef.jpg,1024,681,Placa,480,593,593,663
43bb9d63d72beb93.jpg,1024,615,Placa,750,307,307,853
4458147ecbb5d9df.jpg,1024,683,Placa,158,459,459,210
44b3bdbe5cbe721e.jpg,1024,768,Placa,252,432,432,397
44e56731abf54604.jpg,1024,768,Placa,879,436,436,937
4503e905b9ec5113.jpg,1024,683,Placa,937,509,509,1024
4554471bb782a3db.jpg,1024,768,Placa,110,497,497,164
45948c8f21f3c8ee.jpg,1024,576,Placa,552,471,471,717
45bca23ac6dd641f.jpg,1024,768,Placa,382,426,426,688
463dc8c49938cf61.jpg,1024,680,Placa,619,335,335,793
463f69dab3d8406b.jpg,1024,648,Placa,710,322,322,879
46800f411123504c.jpg,1024,747,Placa,893,195,195,1024
468a520c2133fd54.jpg,1024,768,Placa,153,368,368,227
46cc02e19877e491.jpg,1024,768,Placa,669,538,538,748
46eb26549959fd9c.jpg,1024,768,Placa,904,319,319,924
4747764231770264.jpg,1024,681,Placa,654,451,451,781
475de07c59d35a04.jpg,1024,768,Placa,143,354,354,204
476894070ca68a7f.jpg,1024,614,Placa,961,117,117,985
4784ab333a28402a.jpg,1024,681,Placa,276,426,426,520
47b79f59739ba5f8.jpg,1024,1024,Placa,692,661,661,800
47b81ed691434c8d.jpg,1024,663,Placa,112,364,364,206
48cfd394b5db1ec7.jpg,1024,576,Placa,169,336,336,234
48ecdb0f5aefb1f5.jpg,1024,768,Placa,721,80,80,734
491410347f993afd.jpg,1024,768,Placa,434,361,361,615
492f6d607aae58c1.jpg,1024,683,Placa,767,265,265,817
494ec37a2b634e2d.jpg,1024,768,Placa,701,357,357,857
49bee9a12f582b3f.jpg,1023,768,Placa,183,301,301,297
4a2e3925bc5e8832.jpg,1024,768,Placa,729,395,395,830
4a304fa1654b5d1c.jpg,1024,548,Placa,766,384,384,846
4a6e1bc545d97bac.jpg,1024,612,Placa,119,355,355,151
4ad77d06fa730c26.jpg,1024,683,Placa,499,369,369,832
4adc174693cc7f52.jpg,1024,768,Placa,212,507,507,761
4af97d6829b28adb.jpg,1024,768,Placa,333,409,409,666
4ba18991ade1fb2c.jpg,1024,768,Placa,186,276,276,910
4bbe456081c4db6c.jpg,1024,685,Placa,812,501,501,884
4be91b2f445e4ec1.jpg,1024,744,Placa,464,400,400,544
4c52497d3d19b12d.jpg,1024,768,Placa,380,406,406,602
4c75b2bb65d8b8d5.jpg,1024,846,Placa,374,482,482,609
4ca5b82782903f1c.jpg,1024,681,Placa,463,313,313,573
4caa687f83db1df7.jpg,1024,678,Placa,52,328,328,95
4ced8ef1db96eff2.jpg,1024,1024,Placa,434,633,633,624
4d4495d9eebd7ebe.jpg,1024,678,Placa,115,490,490,216
4d540cbb08b3ce7c.jpg,1024,768,Placa,756,294,294,787
4d71c003e4ad1479.jpg,1024,653,Placa,173,486,486,421
4d841600d50dbea6.jpg,1024,768,Placa,107,246,246,247
4da543202aa1cba3.jpg,1024,685,Placa,620,197,197,932
4daaf9ef1d7a5ce2.jpg,1024,768,Placa,296,642,642,864
4ddbda7cfe9e96f3.jpg,1024,576,Placa,914,183,183,977
4ddee860c5ad7824.jpg,1024,678,Placa,42,336,336,82
4de90b08bc37d19b.jpg,1024,678,Placa,873,281,281,891
4e27778df5f846e9.jpg,1024,482,Placa,55,294,294,175
4e381dea84272ae3.jpg,1024,682,Placa,385,283,283,607
4e72da23e283d619.jpg,1024,769,Placa,206,566,566,835
4e7f5ae4f89f83de.jpg,1024,678,Placa,277,253,253,757
4edb4df2f6c49132.jpg,1024,768,Placa,601,335,335,704
4f14ff5908df600d.jpg,1024,768,Placa,159,515,515,291
4f334cc9fe688ad8.jpg,1024,765,Placa,363,462,462,660
4f722070b0c5410f.jpg,1024,683,Placa,550,488,488,789
504528c051c06fd1.jpg,1024,742,Placa,656,433,433,816
50a2e60138edeff9.jpg,1024,577,Placa,73,349,349,361
50eb85e52c0599c6.jpg,1024,681,Placa,950,234,234,1023
50fff3903eea7e81.jpg,1024,1024,Placa,0,569,569,138
5119bfb5aa7b070e.jpg,1023,768,Placa,610,450,450,836
51c89cc550e33727.jpg,1024,596,Placa,853,397,397,910
51dc294673831295.jpg,1024,768,Placa,117,34,34,136
51f17f0ecd40ee02.jpg,1024,1024,Placa,381,510,510,621
52002d3477b000b8.jpg,1024,680,Placa,275,471,471,446
52ba200dc17e2010.jpg,1024,680,Placa,155,388,388,209
52e1dee36431aba5.jpg,1024,768,Placa,741,410,410,866
530dbbce49e60180.jpg,1024,766,Placa,428,489,489,659
5362510dd1d55b2c.jpg,768,1024,Placa,182,449,449,208
536c172341df7ac6.jpg,1024,768,Placa,167,346,346,273
537b374be496631d.jpg,1024,584,Placa,410,388,388,514
53ac2a0e209e98df.jpg,1024,683,Placa,647,381,381,776
53b13f34405ecde5.jpg,1024,768,Placa,412,250,250,645
53e3db3e12f0e4e2.jpg,1024,751,Placa,292,466,466,418
540cdf51dc58f289.jpg,1024,768,Placa,342,483,483,492
54abd8a584bdb947.jpg,1024,768,Placa,893,462,462,941
54d2cad494fb79b8.jpg,1024,682,Placa,280,350,350,379
55229893484ce19c.jpg,1024,683,Placa,193,466,466,385
552d9e78b2704cf2.jpg,768,1024,Placa,314,636,636,460
553592716aafde3f.jpg,1024,768,Placa,656,478,478,797
556bd03439595136.jpg,1024,687,Placa,624,354,354,836
558f40dda9b678ab.jpg,1024,680,Placa,336,442,442,457
55b13ed7a6f7f7db.jpg,1024,1011,Placa,414,792,792,587
55c027699db26a11.jpg,1024,576,Placa,292,343,343,394
55da4efc592cf951.jpg,1024,768,Placa,350,504,504,516
55fdf470ce4215f9.jpg,1024,886,Placa,626,631,631,739
561361a2c0377804.jpg,1024,768,Placa,952,39,39,979
56251ffef06be4f9.jpg,1024,683,Placa,717,479,479,869
5683d2e8916ec42f.jpg,1024,679,Placa,831,421,421,855
56951536c6458cad.jpg,1024,768,Placa,377,571,571,635
5708b1aba5282e54.jpg,1024,916,Placa,486,498,498,608
5762a0ce1549ed54.jpg,1024,715,Placa,907,168,168,922
58114d7816f20d2b.jpg,1024,569,Placa,187,252,252,379
58b46d76ff90abcc.jpg,1024,768,Placa,374,256,256,561
58d1693ead449c0a.jpg,1024,768,Placa,684,449,449,791
59547d4ad611d455.jpg,1024,1024,Placa,84,651,651,205
5ad7445156bad85a.jpg,1024,600,Placa,235,405,405,342
5ae4d284357b54c5.jpg,1024,768,Placa,1014,184,184,1024
5b4c846e1b55469c.jpg,1024,768,Placa,847,354,354,904
5b650b9bd140a25b.jpg,1024,681,Placa,423,325,325,658
5c544330d831e406.jpg,1024,768,Placa,160,366,366,306
5cdeb04b62661870.jpg,1024,586,Placa,118,454,454,251
5cf5cab262f1eb18.jpg,1024,768,Placa,554,326,326,658
5d2264a87a798e74.jpg,1024,789,Placa,265,428,428,322
5d67f07fa89b8103.jpg,1024,909,Placa,402,518,518,626
5db96dfee23df5bf.jpg,1024,819,Placa,401,551,551,654
5df8350a0ed5ac7d.jpg,1024,768,Placa,1007,56,56,1024
5e4dcf4ae3cf32c8.jpg,1024,606,Placa,219,415,415,358
5e8291e30b3ff7ac.jpg,771,1024,Placa,294,598,598,545
5e9a37cfba1e0469.jpg,1024,768,Placa,850,199,199,855
5ee45d8ad87d9730.jpg,1024,768,Placa,838,567,567,964
5f0f9c6659959b52.jpg,1024,717,Placa,201,485,485,380
5f2c4f6623ef323e.jpg,1024,718,Placa,767,438,438,878
5f7f5b1f16aa8acf.jpg,1024,768,Placa,782,35,35,818
5f84971e3fe33531.jpg,1024,683,Placa,877,209,209,923
602f4bebef083e58.jpg,1024,784,Placa,391,453,453,619
603bb98d00d2ab37.jpg,1024,768,Placa,464,329,329,633
605085da05a7e75c.jpg,1024,768,Placa,410,312,312,626
60b23372417d57a3.jpg,768,1024,Placa,311,399,399,434
60dd7070c63f56a3.jpg,1024,683,Placa,709,304,304,767
6142e93ddb595fe0.jpg,1024,683,Placa,69,415,415,153
6153c8e0e2678c08.jpg,1024,768,Placa,886,319,319,915
6175ff16efcda3f6.jpg,1024,768,Placa,160,383,383,274
617edb3bd6aa3967.jpg,1024,683,Placa,430,477,477,591
61ba2f3b3295ef24.jpg,1024,628,Placa,346,318,318,649
61c4c081871c8b14.jpg,1024,531,Placa,783,232,232,875
61d6bb6503fadf61.jpg,1024,687,Placa,217,501,501,447
61ec03bf3a057298.jpg,1024,768,Placa,147,267,267,507
624860d2c1d529cf.jpg,1024,682,Placa,894,519,519,931
6288a1dfa18d029d.jpg,1024,683,Placa,762,504,504,857
62914e5ec77b32bf.jpg,1024,682,Placa,851,398,398,916
629479f0ae7d9743.jpg,1024,705,Placa,665,509,509,742
63025d527888af32.jpg,1024,768,Placa,462,387,387,600
63199c23e2c487d6.jpg,1024,768,Placa,55,462,462,113
631e03862f779dbe.jpg,1024,680,Placa,648,456,456,868
6372eb1218e9ef34.jpg,1024,683,Placa,709,367,367,790
63a79a56f6d02cce.jpg,1024,768,Placa,92,441,441,144
63b4b694f00812c1.jpg,1024,768,Placa,791,261,261,1024
63bc998b7e482ac4.jpg,1024,683,Placa,675,433,433,825
63bd054a68448c3b.jpg,1024,594,Placa,763,394,394,864
63d2181c2276c644.jpg,1024,768,Placa,346,369,369,593
642de541a82cc3db.jpg,1024,768,Placa,826,154,154,864
6464c61ec39dfac4.jpg,1024,768,Placa,230,299,299,412
646857ac606ed374.jpg,667,1024,Placa,214,897,897,473
646ca0aa21d26895.jpg,1024,768,Placa,947,389,389,972
648dd687621743c5.jpg,1024,768,Placa,476,449,449,755
6495ed9367648003.jpg,1024,682,Placa,437,262,262,602
64a48cc22a4eb6b8.jpg,1024,768,Placa,396,516,516,629
64d68bacc008d1a8.jpg,1024,680,Placa,901,321,321,942
651fd3bc88fe13af.jpg,1024,735,Placa,936,276,276,988
6520279c853247d5.jpg,1024,768,Placa,685,447,447,797
65433c5a09f63551.jpg,1024,674,Placa,781,499,499,855
65864f6c4dcb87fc.jpg,1024,680,Placa,119,382,382,287
65d6210567999102.jpg,1024,768,Placa,724,360,360,835
65f3e212c61987a2.jpg,1024,577,Placa,325,189,189,580
65fcfc534b7b06e9.jpg,1024,749,Placa,396,475,475,608
66144e8ccb6114bc.jpg,1024,576,Placa,673,382,382,743
662dbf6afc3f2830.jpg,1024,465,Placa,84,241,241,120
663b93c50992687d.jpg,1024,768,Placa,672,522,522,853
66848534633d470a.jpg,1024,741,Placa,666,529,529,801
668b4313af410f75.jpg,1024,681,Placa,306,305,305,705
671b5b58fa8607f1.jpg,1024,768,Placa,672,385,385,817
676210a14b100ae4.jpg,1024,768,Placa,937,398,398,976
679a25c621377e25.jpg,1024,1024,Placa,756,227,227,817
684d2ea8949d31e4.jpg,1024,768,Placa,743,408,408,829
689cfe4cf41eaace.jpg,1024,680,Placa,43,275,275,187
691351efc7364b69.jpg,1024,681,Placa,678,449,449,872
697ba5a67e19f77a.jpg,768,1024,Placa,468,885,885,649
69854a03f13852fe.jpg,1024,768,Placa,732,260,260,758
699b7df09116e3d9.jpg,1024,683,Placa,413,230,230,634
69d4b6de2e2b3d30.jpg,1024,768,Placa,183,458,458,300
69fa34f9380ca170.jpg,1024,768,Placa,417,347,347,545
69ff376c92b69dc0.jpg,1024,769,Placa,273,664,664,351
6a17c7fd56af8fae.jpg,1024,684,Placa,797,451,451,939
6a309e95ae691574.jpg,1024,768,Placa,800,366,366,880
6a800a3a8cdb7a0c.jpg,1024,768,Placa,856,99,99,921
6a8ed5ccba0ed83a.jpg,1024,678,Placa,397,483,483,611
6ad5881023a7de6f.jpg,1024,768,Placa,370,310,310,587
6b5b2368a1927619.jpg,1024,768,Placa,751,554,554,1002
6b708624be367211.jpg,1024,597,Placa,154,354,354,270
6b934c2fedcf1518.jpg,1024,678,Placa,565,327,327,709
6b9683cd4dbde49f.jpg,1024,768,Placa,991,139,139,1012
6bd1c08f75828ef6.jpg,1024,687,Placa,509,366,366,698
6bd567e027ea8283.jpg,1024,640,Placa,859,391,391,899
6c12755022583a68.jpg,1024,768,Placa,574,496,496,746
6c15e5fada1dd51a.jpg,1024,685,Placa,693,386,386,764
6c85ab12f412e728.jpg,1024,502,Placa,737,282,282,865
6cb6914aa7d5398b.jpg,1024,768,Placa,360,415,415,656
6ce0315c9931e69c.jpg,1024,678,Placa,354,445,445,471
6d26fd1ef52917cd.jpg,1024,768,Placa,102,397,397,249
6d491dfdeb7b5e60.jpg,1024,768,Placa,434,361,361,576
6d8a3e8e72b9d583.jpg,1024,681,Placa,915,116,116,963
6dffe6a3ee1ab2be.jpg,1024,768,Placa,151,478,478,283
6e217565290f2986.jpg,1024,682,Placa,382,405,405,821
6ee81ce5690db6be.jpg,1024,768,Placa,225,289,289,372
6efb985b5ff74515.jpg,1024,680,Placa,767,366,366,886
6f21618269292469.jpg,678,1024,Placa,544,378,378,588
6f6ed5db479c8f51.jpg,1024,576,Placa,213,276,276,313
6f7a392ad1fbac46.jpg,1024,846,Placa,362,523,523,655
6fa76e27ab83a10c.jpg,1024,768,Placa,546,525,525,750
7009de17bda73456.jpg,1024,768,Placa,58,25,25,96
7039ab8136f9b1ee.jpg,1024,768,Placa,141,402,402,221
70f14d082d077f1d.jpg,1024,577,Placa,290,144,144,357
70f57516cea7666a.jpg,1024,681,Placa,807,477,477,867
73301ba02a34c27f.jpg,1024,768,Placa,407,340,340,622
73962155511b47f4.jpg,1024,726,Placa,706,309,309,853
73a2c86f3d28c3cb.jpg,1024,768,Placa,699,492,492,765
73bba7d7f439b76f.jpg,1024,575,Placa,982,153,153,1024
744ef921345b6301.jpg,1024,1024,Placa,107,952,952,335
745653fc0559e1c7.jpg,1024,1024,Placa,278,455,455,523
748c43f3c411e4b3.jpg,1024,683,Placa,385,396,396,468
74cd85a269e2b2f6.jpg,1024,1024,Placa,605,327,327,751
750da1961c6927ab.jpg,1024,683,Placa,413,339,339,600
7522bdaa1a4bd0dd.jpg,1024,683,Placa,395,512,512,670
752f4d6f39f930ea.jpg,947,1024,Placa,273,720,720,385
75a85917ee5fbbf2.jpg,1024,1024,Placa,117,693,693,318
75b8a642ad35accb.jpg,1024,682,Placa,132,272,272,230
75c37e760b2ffa45.jpg,1024,768,Placa,497,487,487,695
75cd38ac81c1df96.jpg,1024,683,Placa,701,555,555,816
763fd33155ab7595.jpg,1024,982,Placa,386,542,542,613
7670da9037a0d71e.jpg,1024,768,Placa,983,351,351,1010
76789369bcea672e.jpg,1024,768,Placa,914,236,236,997
76836a45b9b0263d.jpg,1024,768,Placa,222,445,445,301
76951f4b050690c8.jpg,1024,768,Placa,627,504,504,760
76e3036b647e831f.jpg,1024,768,Placa,466,510,510,671
771775b41d5660d3.jpg,1024,682,Placa,924,266,266,960
7763b866a6127dca.jpg,1024,768,Placa,247,144,144,259
77bbc99e7a9e1a79.jpg,1024,682,Placa,359,264,264,523
77f6ac329fc23f9e.jpg,1024,768,Placa,996,99,99,1024
77fca0f5d5333485.jpg,1024,684,Placa,436,529,529,666
784ef84e26874fdd.jpg,1024,683,Placa,823,332,332,979
7884f8fa4d15b90b.jpg,1024,768,Placa,413,337,337,616
7894736b28194c51.jpg,1024,768,Placa,385,252,252,640
789e24d11fb221cd.jpg,1024,683,Placa,105,324,324,302
78d1001cd7562d84.jpg,1024,1024,Placa,496,752,752,609
797c1c804f70812b.jpg,1024,1024,Placa,191,661,661,297
798665a0ccab36cb.jpg,1024,683,Placa,676,315,315,782
79c93fb5d9a43f8b.jpg,1024,646,Placa,38,410,410,111
79cd79d26df3ed06.jpg,1024,768,Placa,405,511,511,610
7a166d07c573ac8b.jpg,1024,772,Placa,570,449,449,785
7a333fab503a15d6.jpg,1024,682,Placa,673,381,381,805
7a476df79e9e9c3b.jpg,1024,768,Placa,726,418,418,943
7ab240973288a405.jpg,1024,768,Placa,405,463,463,777
7ab5bc1640831419.jpg,1024,768,Placa,319,354,354,705
7b00c03d4db8e6aa.jpg,1024,768,Placa,448,384,384,685
7b3473b920a8c150.jpg,1024,768,Placa,149,438,438,210
7b404570b67dccba.jpg,1024,949,Placa,446,665,665,690
7b52df7deadc10ca.jpg,1024,683,Placa,297,448,448,731
7bb20b5dc43e4890.jpg,1024,683,Placa,752,476,476,823
7c8d819535713e66.jpg,1024,768,Placa,692,274,274,855
7dc8d8a5d66a8b84.jpg,1024,670,Placa,92,317,317,185
7dd816000bf9d5a2.jpg,1024,765,Placa,878,224,224,909
7ddc815e09a31a33.jpg,1024,682,Placa,804,453,453,909
7e01b3324b0d8fff.jpg,768,1024,Placa,220,800,800,415
7e583f5940278811.jpg,1024,610,Placa,145,275,275,297
7e7637994a6468e9.jpg,1024,768,Placa,530,609,609,715
7e97709a871678a9.jpg,832,1024,Placa,261,816,816,360
7f8fa84cf0f95971.jpg,1024,683,Placa,926,404,404,978
7fa5416e38eed0a3.jpg,1024,683,Placa,40,380,380,149
7fed59ee9b4d0338.jpg,1024,681,Placa,685,297,297,860
802539e8caa1611d.jpg,1019,768,Placa,657,389,389,825
803732bc9ddc64c5.jpg,1024,768,Placa,176,368,368,349
80380575dd37aaad.jpg,1024,768,Placa,818,526,526,870
807523a2ddb4b3e9.jpg,1024,1024,Placa,267,89,89,303
80a565efffd3c695.jpg,1024,768,Placa,639,473,473,715
80c0caec827fe7d8.jpg,1024,782,Placa,705,424,424,924
80ceec63ec31273b.jpg,1024,683,Placa,379,357,357,542
8144049e153633c1.jpg,1024,780,Placa,434,606,606,599
8176417c51d6ad59.jpg,1024,693,Placa,463,356,356,569
819dcc28c86cd8a0.jpg,1024,1024,Placa,382,564,564,700
81a7fcb21d20d776.jpg,1024,683,Placa,494,422,422,707
822b8974ab42de2a.jpg,1024,683,Placa,455,386,386,671
82ae72b4699e1ebf.jpg,1024,768,Placa,916,184,184,940
82b709fbfd29a8a4.jpg,1024,678,Placa,230,470,470,435
82daafcead106aca.jpg,1024,765,Placa,865,197,197,890
82e109ee166a2e0f.jpg,768,768,Placa,526,484,484,696
82eafa99647097fa.jpg,1024,683,Placa,802,251,251,850
83464c93e41b6272.jpg,1024,682,Placa,376,501,501,645
841716a692380cf5.jpg,1024,768,Placa,729,502,502,812
844bd3db0f0ec7b2.jpg,1024,768,Placa,58,146,146,77
84c23b89f96fec63.jpg,1024,681,Placa,423,0,0,497
84d2333675bb3666.jpg,1024,768,Placa,449,328,328,574
84e12f6ef944963e.jpg,1024,683,Placa,503,292,292,653
84e4e8cc146594fd.jpg,575,1024,Placa,0,673,673,197
84f2cc8c6a7c3738.jpg,1024,1024,Placa,294,552,552,450
8586524a23df6213.jpg,1024,683,Placa,149,337,337,280
85913231988e2c76.jpg,1024,768,Placa,97,484,484,273
86063e808f33e6a5.jpg,1024,1024,Placa,582,541,541,730
866cdd589892f25b.jpg,1024,768,Placa,816,465,465,838
869548d378b91f95.jpg,1024,576,Placa,222,293,293,364
86b4392ca8825ec5.jpg,1024,768,Placa,923,187,187,949
86da6c1d8445ddf1.jpg,1024,512,Placa,708,320,320,827
87196b228bba6f27.jpg,1024,683,Placa,725,505,505,803
873c61c01f374b01.jpg,1024,685,Placa,492,538,538,572
875bcbc56b83facc.jpg,1024,768,Placa,884,213,213,910
87a8f72282f39dd8.jpg,1024,953,Placa,371,437,437,655
87dbd8f9ff184216.jpg,1024,683,Placa,277,462,462,695
8801168fc5a17c17.jpg,1024,768,Placa,703,224,224,762
88ef623fe8310f8b.jpg,1024,485,Placa,371,11,11,649
88ffde61af1b4d33.jpg,1024,683,Placa,653,393,393,792
890982a0b7d0101d.jpg,1024,678,Placa,807,420,420,898
8931d8e4ba89ed62.jpg,1024,769,Placa,765,508,508,876
89a97e5bfd92cc58.jpg,1024,768,Placa,164,556,556,355
89b32f9f4978817f.jpg,1024,1024,Placa,300,594,594,714
8a14a065d84dfa25.jpg,1024,768,Placa,885,53,53,904
8a51df666e137f93.jpg,1024,545,Placa,860,308,308,971
8a54a2f342d0bbef.jpg,1024,768,Placa,227,425,425,406
8a5a04c1b336f9a5.jpg,1024,683,Placa,994,459,459,1024
8af3da6b199c45dc.jpg,1024,683,Placa,636,391,391,744
8b22b073a752a0bd.jpg,1024,768,Placa,713,612,612,929
8b69ccc45bc109eb.jpg,1024,685,Placa,0,34,34,30
8bb155b77538022b.jpg,1024,579,Placa,339,264,264,541
8bb42a966978ec71.jpg,1024,1024,Placa,686,722,722,903
8c908f287683e8b5.jpg,1024,884,Placa,177,639,639,431
8cba07a2e3548b9f.jpg,1024,768,Placa,399,454,454,662
8cf5fae6ee7660a7.jpg,1024,768,Placa,251,315,315,529
8d1a0cc35cd68af2.jpg,1024,683,Placa,446,442,442,616
8d3c5be12ec7eaf8.jpg,1024,682,Placa,900,333,333,975
8da3ecb23f348eed.jpg,1024,1024,Placa,345,675,675,475
8db2eba47aa3249c.jpg,1024,1024,Placa,584,634,634,715
8dfeeb78ccd8fcd6.jpg,1024,683,Placa,222,193,193,390
8e884a9e70e9eb89.jpg,1024,768,Placa,388,496,496,538
8eff80f94493953a.jpg,1024,768,Placa,839,47,47,867
8f0bb18b179f33c6.jpg,1024,683,Placa,356,442,442,554
8f2f7e273e013aad.jpg,1024,683,Placa,725,111,111,742
8f764dbc90b5d7b7.jpg,1024,768,Placa,808,193,193,890
8f7c0d235669f753.jpg,1024,682,Placa,494,332,332,684
901e8e666268ee63.jpg,913,1024,Placa,405,340,340,549
9043ad76eb11af47.jpg,1024,791,Placa,716,35,35,784
9050310af48962b1.jpg,1024,768,Placa,288,367,367,424
90673a278c62d5b7.jpg,1024,753,Placa,116,292,292,141
90a08812f30401eb.jpg,1024,768,Placa,322,493,493,567
9147afa742d5ba6b.jpg,1024,575,Placa,912,265,265,1006
91800f7037cf38df.jpg,1024,768,Placa,336,606,606,660
91886a1f435e55dd.jpg,1024,580,Placa,874,182,182,1017
91c25dc08a93bce2.jpg,1024,683,Placa,273,452,452,459
91e1e15662b89ae0.jpg,1024,768,Placa,292,448,448,524
922ea9c0d11b109e.jpg,1024,768,Placa,289,648,648,377
928313be5ed8d80d.jpg,1024,768,Placa,627,379,379,851
92ab01243730ed3a.jpg,1024,576,Placa,583,378,378,630
92fbd9a810960a0f.jpg,1024,777,Placa,227,578,578,302
93051c579008acc9.jpg,1024,1024,Placa,427,467,467,629
9320dd3caecaedc2.jpg,1024,768,Placa,40,223,223,47
9328c2ca1f0b8325.jpg,1024,683,Placa,704,594,594,930
932ac60c0efe1438.jpg,686,1024,Placa,313,551,551,410
934f305bf0393abb.jpg,1024,768,Placa,85,256,256,149
93514ac0a0c16f87.jpg,683,1024,Placa,322,627,627,405
93fcc4936e69446d.jpg,1024,768,Placa,723,441,441,820
94358d7a7b58b087.jpg,1024,683,Placa,357,253,253,608
94451cd5208d1da9.jpg,1024,789,Placa,666,277,277,688
945085603c75446d.jpg,1024,683,Placa,304,460,460,405
948b05c450489c6d.jpg,1024,768,Placa,925,398,398,981
950873bf63f022fd.jpg,1024,512,Placa,109,349,349,171
951c7b88df9544b8.jpg,768,1024,Placa,307,326,326,478
951d05b1c131c18b.jpg,1024,683,Placa,141,418,418,248
9569b3ccb3f627fc.jpg,1024,768,Placa,336,374,374,771
95dc2fcffd90bb6a.jpg,1024,690,Placa,420,536,536,610
95e46b361ffcac22.jpg,1024,683,Placa,416,305,305,606
966aa04c334b1325.jpg,1024,768,Placa,1007,185,185,1024
968be28a5ca055d8.jpg,1024,768,Placa,417,327,327,654
968f448c99964352.jpg,1024,683,Placa,385,378,378,673
971c3933eee6f796.jpg,1024,768,Placa,461,399,399,563
9743ca96f51abca1.jpg,1024,768,Placa,405,464,464,638
97b91c1a48697de4.jpg,1024,1024,Placa,824,533,533,875
97dffeb91eae4d53.jpg,1024,576,Placa,738,354,354,842
983d9acf98fbea83.jpg,1024,768,Placa,766,516,516,1024
985e5aff8e151a47.jpg,1024,575,Placa,596,260,260,760
988852eb2f5ef4c4.jpg,1024,641,Placa,692,412,412,868
98de8a5f54e450fb.jpg,1024,768,Placa,564,456,456,841
9900c6b96080db46.jpg,1024,768,Placa,805,361,361,898
99025e4b4cb141a9.jpg,1024,897,Placa,359,689,689,640
993abc979fdec771.jpg,1024,768,Placa,296,402,402,481
993b14c44ddc5696.jpg,1024,768,Placa,856,518,518,913
993fa7028e675be2.jpg,1024,683,Placa,187,427,427,357
9971cfee07f01816.jpg,1024,683,Placa,749,237,237,771
99876535e5c8db57.jpg,1024,768,Placa,403,339,339,688
998809051aaf746a.jpg,1024,768,Placa,344,395,395,464
9a1904ffd6e46a8e.jpg,1024,768,Placa,376,352,352,563
9a256a5b9d1461f9.jpg,1024,681,Placa,514,361,361,796
9aa652a511dbfaae.jpg,1024,678,Placa,599,522,522,679
9afec01eb7ad4855.jpg,1024,845,Placa,177,362,362,327
9b062cdb8168da83.jpg,1024,768,Placa,254,317,317,344
9b3a9680ad354280.jpg,1024,768,Placa,409,325,325,621
9b572d440182f1d1.jpg,1024,586,Placa,761,272,272,867
9bbf3eff45d55bc6.jpg,1024,935,Placa,420,470,470,607
9bc495a148b1a44e.jpg,1024,678,Placa,723,469,469,896
9bd39517dd842592.jpg,1024,685,Placa,250,339,339,359
9c1a69a5e480eff1.jpg,1024,576,Placa,994,558,558,1009
9c499efec8a78119.jpg,1024,753,Placa,251,322,322,401
9c5212d1589e7679.jpg,1024,576,Placa,380,105,105,618
9c825a51ca36fb90.jpg,1024,759,Placa,0,302,302,85
9c9327da5d32cf68.jpg,1024,683,Placa,709,494,494,884
9cac68ced4f2536e.jpg,1024,768,Placa,932,56,56,949
9cc9155837de157e.jpg,1024,768,Placa,922,357,357,1020
9d42204ffb1b3cd1.jpg,1024,678,Placa,412,200,200,612
9d48f6bdac2e66a6.jpg,1024,641,Placa,768,342,342,857
9d78ee70e5a75833.jpg,1024,1024,Placa,190,504,504,302
9d93a30a74338902.jpg,1024,683,Placa,440,435,435,598
9e7e3458a88c47c9.jpg,1024,683,Placa,0,0,0,217
9e7e489892a40fe0.jpg,1024,768,Placa,246,127,127,675
9e8ca03aad12ddc8.jpg,1024,768,Placa,671,363,363,862
9eee72c6d2f2ceda.jpg,1024,682,Placa,245,460,460,539
9f2a313187442b7f.jpg,1024,681,Placa,427,269,269,576
9fa8110789cab5a5.jpg,767,1024,Placa,342,599,599,422
9fbbc389e8d57b79.jpg,1024,1024,Placa,314,666,666,698
9fc3577679985fb2.jpg,1024,768,Placa,52,748,748,82
9fde499f841a4675.jpg,1024,732,Placa,433,464,464,625
9ff6213501a8ce08.jpg,1024,683,Placa,997,274,274,1006
9ffe745b3486be03.jpg,1024,768,Placa,847,307,307,910
a118950a265b8fde.jpg,1024,768,Placa,180,468,468,312
a185687cada4fd68.jpg,1024,768,Placa,925,537,537,979
a1a0febf3cee0d23.jpg,1024,683,Placa,699,395,395,882
a218019b62c20677.jpg,1024,768,Placa,996,46,46,1008
a219f54134eede6e.jpg,1024,564,Placa,65,258,258,83
a21ad4bb4fe12600.jpg,1024,857,Placa,358,545,545,648
a27da62307e81a81.jpg,1024,714,Placa,269,275,275,516
a2da1aa77d6e4c76.jpg,1024,768,Placa,456,525,525,569
a2e0970d31669230.jpg,1024,589,Placa,742,351,351,912
a34db2a560ee0e4f.jpg,1024,671,Placa,737,421,421,866
a3b5a5e277c70ad6.jpg,1024,768,Placa,270,511,511,432
a3c9baebb500e449.jpg,1024,678,Placa,589,430,430,836
a43ed19b1e23c157.jpg,1024,768,Placa,374,489,489,649
a4656991ccf295ba.jpg,1024,765,Placa,854,179,179,916
a467bb8c56fe59d8.jpg,1024,682,Placa,430,384,384,584
a47c73ebf019e192.jpg,1024,852,Placa,563,649,649,847
a4a20424bb27b3bf.jpg,1024,683,Placa,286,347,347,727
a4a295c205408e7a.jpg,1024,768,Placa,300,480,480,663
a4db985ea0cc9c84.jpg,1024,768,Placa,345,511,511,606
a5be80bd4c1cd3f2.jpg,1024,577,Placa,672,317,317,756
a5cd1e9642b3b9b2.jpg,1024,768,Placa,670,176,176,690
a5dbb46a25e96f45.jpg,1024,590,Placa,858,145,145,880
a5f991b32fc2b393.jpg,907,1024,Placa,177,611,611,372
a6008186961a148f.jpg,1024,1024,Placa,755,738,738,916
a659d8050f19c311.jpg,1024,683,Placa,686,463,463,815
a68b09b25b979ed1.jpg,1024,834,Placa,843,206,206,862
a6badd72ba29dab4.jpg,1024,1020,Placa,486,820,820,621
a6cf8b3efdd87c0f.jpg,1024,688,Placa,275,476,476,390
a6eef9c2bb6d0532.jpg,1024,765,Placa,209,331,331,358
a6fb453b7097e654.jpg,1024,615,Placa,463,338,338,588
a6fe1bf145700a67.jpg,1024,768,Placa,411,422,422,544
a752333e5ddd3220.jpg,1024,732,Placa,955,432,432,1024
a76872ff4885c8c3.jpg,1024,678,Placa,490,400,400,618
a782015c23d33c83.jpg,1024,768,Placa,128,440,440,208
a78b1ce93b4b6300.jpg,1024,681,Placa,709,533,533,790
a7d9d2a454b19acd.jpg,1024,576,Placa,334,455,455,585
a7ef4b58adbfeb74.jpg,1024,767,Placa,865,592,592,935
a7fb5f59bda5a44b.jpg,1024,660,Placa,146,479,479,229
a8111351424e77ac.jpg,1024,768,Placa,760,247,247,872
a848739047249f94.jpg,1024,683,Placa,837,400,400,939
a8d11a5670df6e75.jpg,1024,768,Placa,223,409,409,389
a8e7601305301188.jpg,1024,768,Placa,988,408,408,1024
a8eb1407e107144f.jpg,678,1024,Placa,164,459,459,422
a90b6832b8418ab7.jpg,1024,768,Placa,371,311,311,652
a94be1616f1c755c.jpg,1024,768,Placa,364,388,388,506
a9567453f27cbab0.jpg,1024,576,Placa,632,293,293,683
a9d726ae85cc5a65.jpg,1024,672,Placa,816,484,484,909
aa7efb64bb7e8fd8.jpg,1024,768,Placa,353,474,474,689
aa807d75b5d50d81.jpg,1024,683,Placa,975,293,293,1023
aaeb781a9554757c.jpg,1024,768,Placa,735,517,517,835
ab6d4303115c41e0.jpg,1024,522,Placa,355,334,334,643
abd7aab7b690bbe4.jpg,1024,751,Placa,197,443,443,327
abffd4e8c866e40a.jpg,1024,683,Placa,192,276,276,289
ac0246984254b7f4.jpg,956,768,Placa,387,508,508,565
ac44a56bd4958f83.jpg,1024,636,Placa,76,437,437,215
ac80464674fc4a1f.jpg,1024,832,Placa,117,356,356,271
aca19b97a47e3a7e.jpg,1024,768,Placa,684,503,503,800
aca3f6c5e06c788e.jpg,1024,765,Placa,353,604,604,645
acb6b354210a3554.jpg,1024,678,Placa,570,426,426,785
ace207bc37fa9884.jpg,1024,685,Placa,657,347,347,840
acfa98c35ed3a69f.jpg,1024,768,Placa,410,558,558,506
ad4a4bb2496e01ff.jpg,680,1024,Placa,583,239,239,620
ad508d6497451cc4.jpg,1024,768,Placa,353,376,376,575
ad5935432e4bed57.jpg,1024,927,Placa,721,645,645,879
addbde60f443477d.jpg,1024,717,Placa,531,500,500,711
adf7c5958089973c.jpg,1024,683,Placa,278,342,342,395
ae7f4547a984d5f5.jpg,1024,688,Placa,155,418,418,239
ae9b270a6ac4f486.jpg,1024,768,Placa,630,444,444,784
af253d62578b21d0.jpg,1024,768,Placa,922,440,440,958
af519c02bf308743.jpg,1024,768,Placa,453,166,166,701
af734d08b1acb282.jpg,764,1024,Placa,64,754,754,108
af7a6744c35fadda.jpg,1024,618,Placa,197,317,317,270
afd720e54c3e2326.jpg,1024,660,Placa,289,435,435,460
afddcf139ce18912.jpg,1024,764,Placa,398,431,431,633
b08c4c2c305671db.jpg,1024,683,Placa,380,428,428,586
b0c41acc7a394bfa.jpg,1024,768,Placa,469,379,379,580
b10f536fc28fcbb6.jpg,1024,576,Placa,682,348,348,732
b1610b49fdc8767a.jpg,1024,714,Placa,581,343,343,702
b18df4cbd63cb408.jpg,1024,1024,Placa,308,490,490,442
b23a04d744492ef5.jpg,1024,768,Placa,480,493,493,580
b26aca20e3218080.jpg,1024,768,Placa,569,374,374,751
b27cf8d9d982c817.jpg,1024,586,Placa,153,401,401,368
b2a3c436142b3611.jpg,1024,768,Placa,1007,201,201,1024
b2acaaa052934efb.jpg,1024,768,Placa,591,350,350,773
b2e78c004eb20bf3.jpg,1024,768,Placa,36,465,465,120
b30a71f9946fe822.jpg,1024,680,Placa,631,325,325,735
b33cf2f723a91197.jpg,1024,768,Placa,433,657,657,548
b381319d82b2f54e.jpg,1024,683,Placa,136,266,266,198
b3b641e691d6850a.jpg,1024,677,Placa,421,333,333,608
b3d07c8d779ad43d.jpg,1024,765,Placa,531,384,384,652
b3f5a925ea206b78.jpg,768,1024,Placa,638,823,823,677
b40f4d82ca6330f8.jpg,1024,768,Placa,187,569,569,300
b43d5dca6c34a04b.jpg,1024,683,Placa,452,505,505,587
b46172fc207da116.jpg,1024,768,Placa,808,444,444,871
b46879c037c0338d.jpg,1024,814,Placa,355,536,536,707
b4a56fbb4d339844.jpg,1024,768,Placa,752,152,152,775
b4addddc7b71c1e9.jpg,1024,576,Placa,589,388,388,678
b4c10d58d358c504.jpg,1024,577,Placa,145,303,303,193
b4d61d43595ded8c.jpg,1024,484,Placa,527,339,339,667
b4eeb9c3a2a2b61a.jpg,1024,768,Placa,422,588,588,601
b50f056b235cd718.jpg,1024,768,Placa,151,526,526,305
b51f7db3ee335d6d.jpg,1024,768,Placa,643,392,392,797
b53cc2a8932661c9.jpg,1024,768,Placa,432,538,538,570
b5765b0f04ede273.jpg,1024,614,Placa,833,366,366,935
b5cde164735423a9.jpg,1024,683,Placa,531,438,438,793
b5d82289e0a2c83c.jpg,768,831,Placa,330,457,457,455
b5ef12e23a666657.jpg,1024,768,Placa,920,422,422,1024
b6286a94631541db.jpg,1024,681,Placa,260,307,307,329
b647fbd598d620f3.jpg,1024,640,Placa,742,346,346,884
b660e7fca4d06b2e.jpg,1024,768,Placa,953,189,189,963
b6688f35ed8803b2.jpg,1024,556,Placa,27,347,347,82
b6a7d8105690fb1f.jpg,927,1024,Placa,559,736,736,729
b7cab2fe9e66f04a.jpg,1024,768,Placa,471,316,316,598
b7d021acc865498f.jpg,1024,768,Placa,948,299,299,990
b86454a229bfc928.jpg,1024,678,Placa,704,510,510,805
b8783d2da32a4c8b.jpg,1024,768,Placa,705,592,592,916
b8ab8955f55bdd9f.jpg,1024,833,Placa,871,24,24,905
b8d4657b303f2eb5.jpg,1024,683,Placa,180,477,477,365
b8f0eadceffd0cb2.jpg,1024,613,Placa,334,199,199,639
b9721fa92b8696f2.jpg,1024,683,Placa,978,148,148,1021
b997c0c859776c3f.jpg,1024,609,Placa,683,405,405,811
b9be85896efe2608.jpg,1024,829,Placa,455,510,510,739
b9d10bd366f83f78.jpg,1024,773,Placa,151,319,319,343
